# bug#17275798
create table t1 (
a int unsigned primary key,
b char(20),
c int unsigned
) engine=ndb;
# restore canned backup
select sum(1),sum(isnull(b)),min(b),max(b) from t1;
sum(1)	sum(isnull(b))	min(b)	max(b)
100	15	+z3kg	ZOOa2
drop table t1;
# bug#17395298
create table t1 (
a int primary key,
b text,
c int
) engine=ndb;
insert into t1 values (1,repeat('a',1000),10);
insert into t1 values (2,repeat('b',2000),20);
insert into t1 values (3,repeat('c',3000),30);
# run backup
rename table t1 to t1old;
create table t1 (
a int primary key,
c int,
b text
) engine=ndb;
# run restore
select count(*) from t1 x, t1old y
where x.a = y.a and x.b = y.b and x.c = y.c;
count(*)
3
drop table t1old;
drop table t1;
# bug#17235051 : char<->binary
# plain restore
create table t1 (
c1 char(10),
c2 varchar(100),
c3 varchar(1000),
b1 binary(10),
b2 varbinary(100),
b3 varbinary(1000),
d varchar(8000),
a int unsigned primary key
) engine=ndb;
insert into t1 values
('aaa1','bbb1','ccc1','ddd1','eee1','fff1',repeat('x',2000),1),
('aaa2','bbb2','ccc2','ddd2','eee2','fff2',repeat('y',4000),2),
('aaa3','bbb3','ccc3','ddd3','eee3','fff3',repeat('z',6000),3);
select a,
trim(trailing char(0) from c1) as c1,c2,c3,
trim(trailing char(0) from b1) as b1,b2,b3
from t1 order by a;
a	c1	c2	c3	b1	b2	b3
1	aaa1	bbb1	ccc1	ddd1	eee1	fff1
2	aaa2	bbb2	ccc2	ddd2	eee2	fff2
3	aaa3	bbb3	ccc3	ddd3	eee3	fff3
# run backup
drop table t1;
create table t1 (
b1 char(10),
b2 varchar(100),
b3 varchar(1000),
c1 binary(10),
c2 varbinary(100),
c3 varbinary(1000),
d varchar(8000),
a int unsigned primary key
) engine=ndb;
# run restore
select a,
trim(trailing char(0) from c1) as c1,c2,c3,
trim(trailing char(0) from b1) as b1,b2,b3
from t1 order by a;
a	c1	c2	c3	b1	b2	b3
1	aaa1	bbb1	ccc1	ddd1	eee1	fff1
2	aaa2	bbb2	ccc2	ddd2	eee2	fff2
3	aaa3	bbb3	ccc3	ddd3	eee3	fff3
drop table t1;
# staging restore
create table t1 (
c1 char(10),
c2 varchar(100),
c3 varchar(1000),
b1 binary(10),
b2 varbinary(100),
b3 varbinary(1000),
d varchar(8000),
a int unsigned primary key
) engine=ndb;
insert into t1 values
('aaa1','bbb1','ccc1','ddd1','eee1','fff1',repeat('x',2000),1),
('aaa2','bbb2','ccc2','ddd2','eee2','fff2',repeat('y',4000),2),
('aaa3','bbb3','ccc3','ddd3','eee3','fff3',repeat('z',6000),3);
select a,
trim(trailing char(0) from c1) as c1,c2,c3,
trim(trailing char(0) from b1) as b1,b2,b3
from t1 order by a;
a	c1	c2	c3	b1	b2	b3
1	aaa1	bbb1	ccc1	ddd1	eee1	fff1
2	aaa2	bbb2	ccc2	ddd2	eee2	fff2
3	aaa3	bbb3	ccc3	ddd3	eee3	fff3
# run backup
drop table t1;
create table t1 (
b1 char(10),
b2 varchar(100),
b3 varchar(1000),
c1 binary(10),
c2 varbinary(100),
c3 varbinary(1000),
d text,
a int unsigned primary key
) engine=ndb;
# run restore
select a,
trim(trailing char(0) from c1) as c1,c2,c3,
trim(trailing char(0) from b1) as b1,b2,b3
from t1 order by a;
a	c1	c2	c3	b1	b2	b3
1	aaa1	bbb1	ccc1	ddd1	eee1	fff1
2	aaa2	bbb2	ccc2	ddd2	eee2	fff2
3	aaa3	bbb3	ccc3	ddd3	eee3	fff3
drop table t1;
# create tablespace
create logfile group lg1
add undofile 'undofile1.dat'
initial_size 8M
undo_buffer_size 1M
engine=ndb;
create tablespace ts1
add datafile 'datafile1.dat'
use logfile group lg1
initial_size 96M
engine=ndb;
# bug#17235051 : char<->text
create table t1 (
b text,
c varchar(8000),
d text,
a int unsigned primary key
) engine=ndb;
insert into t1 values (repeat('a',3333),repeat('b',5555),repeat('c',7777),1);
insert into t1 values (repeat('d',7777),repeat('e',5555),repeat('f',3333),2);
insert into t1 values (null,repeat('h',5555),repeat('i',3333),3);
insert into t1 values (repeat('j',7777),null,repeat('l',3333),4);
insert into t1 values (repeat('m',7777),repeat('n',5555),null,5);
select count(*),sum(crc32(concat(a,ifnull(b,'x'),ifnull(c,'y'),ifnull(d,'z')))) from t1;
count(*)	sum(crc32(concat(a,ifnull(b,'x'),ifnull(c,'y'),ifnull(d,'z'))))
5	12314487834
# run backup
drop table t1;
create table t1 (
b varchar(8000),
c text,
d text,
a int unsigned primary key
) engine=ndb;
# run restore
select count(*),sum(crc32(concat(a,ifnull(b,'x'),ifnull(c,'y'),ifnull(d,'z')))) from t1;
count(*)	sum(crc32(concat(a,ifnull(b,'x'),ifnull(c,'y'),ifnull(d,'z'))))
5	12314487834
drop table t1;
# bug#17235051 : remap columns and missing columns
create table t1 (
x int,
a int primary key auto_increment,
b int,
c bigint,
y int,
d varchar(8000)
) engine=ndb;
insert into t1 (x,b,c,d) values (1,10,100,repeat('d',30));
insert into t1 (x,b,c,d) select x*2,b*3,c*4,concat(d,d) from t1;
insert into t1 (x,b,c,d) select x*2,b*3,c*4,concat(d,d) from t1;
insert into t1 (x,b,c,d) select x*2,b*3,c*4,concat(d,d) from t1;
insert into t1 (x,b,c,d) select x*2,b*3,c*4,concat(d,d) from t1;
insert into t1 (x,b,c,d) select x*2,b*3,c*4,concat(d,d) from t1;
insert into t1 (x,b,c,d) select x*2,b*3,c*4,concat(d,d) from t1;
insert into t1 (x,b,c,d) select x*2,b*3,c*4,concat(d,d) from t1;
insert into t1 (x,b,c,d) select x*2,b*3,c*4,concat(d,d) from t1;
select count(*),max(a),max(b),max(c),max(length(d)) from t1;
count(*)	max(a)	max(b)	max(c)	max(length(d))
256	256	65610	6553600	7680
# run backup
rename table t1 to t1old;
create table t1 (
d text,
z char(10),
b int,
w char(10),
c bigint,
a int primary key auto_increment
) engine=ndb;
# run restore
select count(*),max(a),max(b),max(c),max(length(d)) from t1;
count(*)	max(a)	max(b)	max(c)	max(length(d))
256	256	65610	6553600	7680
select count(*) from t1 x, t1old y
where x.a = y.a and x.b = y.b and x.c = y.c and x.d = y.d;
count(*)
256
drop table t1old;
drop table t1;
# bug#17235051 : lossy conversions
create table t1 (
a char(1) primary key,
b text,
c varchar(10)
) engine=ndb;
insert into t1 values ('a',concat('x',repeat('a',1000)),'0123456789');
insert into t1 values ('b',concat('y',repeat('b',2000)),'012345');
insert into t1 values ('c',concat('z',repeat('c',3000)),'01234');
select a,length(b),trim(trailing a from b),c
from t1 order by a;
a	length(b)	trim(trailing a from b)	c
a	1001	x	0123456789
b	2001	y	012345
c	3001	z	01234
# run backup
drop table t1;
create table t1 (
a char(1) primary key,
b varchar(2001),
c varchar(5)
) engine=ndb;
# run restore
select a,length(b),trim(trailing a from b),c
from t1 order by a;
a	length(b)	trim(trailing a from b)	c
a	1001	x	01234
b	2001	y	01234
c	2001	z	01234
drop table t1;
# bug#17235051 : char<->text + disk data
create table t1old (
a int unsigned primary key auto_increment,
b text,
c varchar(8000),
d text,
e varchar(20),
f int
) engine=ndb;
insert into t1old (b,c,d,e,f)
values (repeat('b',20),repeat('c',30),repeat('d',40),'e',1);
insert into t1old (b,c,d,e,f)
select concat(b,c),concat(c,d),concat(d,b),concat(e,'e'),2*f
from t1old;
insert into t1old (b,c,d,e,f)
select concat(b,c),concat(c,d),concat(d,b),concat(e,'e'),2*f
from t1old;
insert into t1old (b,c,d,e,f)
select concat(b,c),concat(c,d),concat(d,b),concat(e,'e'),2*f
from t1old;
insert into t1old (b,c,d,e,f)
select concat(b,c),concat(c,d),concat(d,b),concat(e,'e'),2*f
from t1old;
insert into t1old (b,c,d,e,f)
select concat(b,c),concat(c,d),concat(d,b),concat(e,'e'),2*f
from t1old;
insert into t1old (b,c,d,e,f)
select concat(b,c),concat(c,d),concat(d,b),concat(e,'e'),2*f
from t1old;
insert into t1old (b,c,d,e,f)
select concat(b,c),concat(c,d),concat(d,b),concat(e,'e'),2*f
from t1old;
insert into t1old (b,c,d,e,f)
select concat(b,c),concat(c,d),concat(d,b),concat(e,'e'),2*f
from t1old;
select count(*),max(length(b)),max(length(c)),max(length(d)),max(length(e)),max(f)
from t1old;
count(*)	max(length(b))	max(length(c))	max(length(d))	max(length(e))	max(f)
256	7680	7690	7670	9	256
# restore mem->mem
create table t1 (
a int unsigned primary key auto_increment,
b text,
c varchar(8000),
d text,
e varchar(20),
f int
) engine=ndb;
insert into t1 select * from t1old;
select count(*) from t1 x, t1old y
where x.a = y.a and x.b = y.b and x.c = y.c and x.d = y.d and x.e = y.e and x.f = y.f;
count(*)
256
# run backup
drop table t1;
create table t1 (
e varchar(20),
f int,
a int unsigned primary key auto_increment,
b varchar(8000),
c text,
d text
) engine=ndb;
# run restore
select count(*) from t1 x, t1old y
where x.a = y.a and x.b = y.b and x.c = y.c and x.d = y.d and x.e = y.e and x.f = y.f;
count(*)
256
drop table t1;
# restore disk->disk
create table t1 (
a int unsigned primary key auto_increment,
b text,
c varchar(8000),
d text,
e varchar(20),
f int
) engine=ndb tablespace ts1 storage disk;
insert into t1 select * from t1old;
select count(*) from t1 x, t1old y
where x.a = y.a and x.b = y.b and x.c = y.c and x.d = y.d and x.e = y.e and x.f = y.f;
count(*)
256
# run backup
drop table t1;
create table t1 (
e varchar(20),
f int,
a int unsigned primary key auto_increment,
b varchar(8000),
c text,
d text
) engine=ndb tablespace ts1 storage disk;
# run restore
select count(*) from t1 x, t1old y
where x.a = y.a and x.b = y.b and x.c = y.c and x.d = y.d and x.e = y.e and x.f = y.f;
count(*)
256
drop table t1;
drop table t1old;
# bug#17235051 : hybrid failure
create table t1 (
a int primary key,
b varchar(5000),
c varchar(5000)
) engine=ndb;
insert into t1 values (1,null,null);
select * from t1;
a	b	c
1	NULL	NULL
# run backup
drop table t1;
create table t1 (
a int primary key,
b text,
c varchar(10000)
) engine=ndb;
# run restore
select * from t1;
a	b	c
1	NULL	NULL
drop table t1;
# Ignore dynamic column diffs between staging and 'main'
# If backed-up had dynamic (due to online alter), and
# new does not (due to lack of alter), staging table
# should not care.
create table t1(
a int unsigned primary key,
b varchar(6144)
) engine=ndb;
# alter causing varchar to become 'dynamic'
alter table t1 add column c int;
Warnings:
Warning	1478	Converted FIXED field to DYNAMIC to enable on-line ADD COLUMN
show warnings;
Level	Code	Message
Warning	1478	Converted FIXED field to DYNAMIC to enable on-line ADD COLUMN
insert into t1 values (1,repeat('b',2000), 10);
insert into t1 values (2,repeat('t',2000), 20);
insert into t1 values (3,repeat('g',2000), 30);
# run backup
rename table t1 to t1old;
# create t1 with text + without alter (not dynamic by default)
create table t1(
a int unsigned primary key,
b text,
c int
) engine=ndb;
# run restore
select count(*) from t1 x, t1old y
where x.a = y.a and x.b = y.b and x.c = y.c;
count(*)
3
drop table t1old;
drop table t1;
# drop tablespace
alter tablespace ts1
drop datafile 'datafile1.dat'
engine=ndb;
drop tablespace ts1
engine=ndb;
drop logfile group lg1
engine=ndb;
