CREATE TABLE t1 (c1 int) ENGINE=MyISAM;
SHOW CREATE TABLE t1;
Table	Create Table
t1	CREATE TABLE `t1` (
  `c1` int(11) DEFAULT NULL
) ENGINE=MyISAM DEFAULT CHARSET=latin1
SELECT table_name, engine FROM information_schema.tables WHERE table_name like 't1';
table_name	engine
t1	MyISAM
ALTER TABLE t1 ENGINE=InnoDB;
SHOW CREATE TABLE t1;
Table	Create Table
t1	CREATE TABLE `t1` (
  `c1` int(11) DEFAULT NULL
) ENGINE=InnoDB DEFAULT CHARSET=latin1
SELECT table_name, engine FROM information_schema.tables WHERE table_name like 't1';
table_name	engine
t1	InnoDB
ALTER TABLE t1 ENGINE=Memory;
SHOW CREATE TABLE t1;
Table	Create Table
t1	CREATE TABLE `t1` (
  `c1` int(11) DEFAULT NULL
) ENGINE=MEMORY DEFAULT CHARSET=latin1
SELECT table_name, engine FROM information_schema.tables WHERE table_name like 't1';
table_name	engine
t1	MEMORY
ALTER TABLE t1 ENGINE=MyISAM;
SHOW CREATE TABLE t1;
Table	Create Table
t1	CREATE TABLE `t1` (
  `c1` int(11) DEFAULT NULL
) ENGINE=MyISAM DEFAULT CHARSET=latin1
SELECT table_name, engine FROM information_schema.tables WHERE table_name like 't1';
table_name	engine
t1	MyISAM
DROP TABLE t1;
