CREATE TABLE t1 (c1 int);
SHOW CREATE TABLE t1;
Table	Create Table
t1	CREATE TABLE `t1` (
  `c1` int(11) DEFAULT NULL
) ENGINE=MyISAM DEFAULT CHARSET=latin1
SELECT table_name, engine FROM information_schema.tables WHERE table_name like 't1';
table_name	engine
t1	MyISAM
DROP TABLE t1;
CREATE TABLE t2 (c1 int) ENGINE=InnoDB;
SHOW CREATE TABLE t2;
Table	Create Table
t2	CREATE TABLE `t2` (
  `c1` int(11) DEFAULT NULL
) ENGINE=InnoDB DEFAULT CHARSET=latin1
SELECT table_name, engine FROM information_schema.tables WHERE table_name like 't2';
table_name	engine
t2	InnoDB
DROP TABLE t2;
