DROP DATABASE IF EXISTS test_zone;
CREATE DATABASE test_zone;
USE test_zone;
CREATE TABLE time_zone as SELECT * FROM mysql.time_zone WHERE 1 = 0;
CREATE TABLE time_zone_leap_second as SELECT * FROM mysql.time_zone_leap_second WHERE 1 = 0;
CREATE TABLE time_zone_name as SELECT * FROM mysql.time_zone_name WHERE 1 = 0;
CREATE TABLE time_zone_transition as SELECT * FROM mysql.time_zone_transition WHERE 1 = 0;
CREATE TABLE time_zone_transition_type as SELECT * FROM mysql.time_zone_transition_type WHERE 1 = 0;
# Load zone table for Japanese zones. Pass file as argument.
START TRANSACTION;
INSERT INTO time_zone (Use_leap_seconds) VALUES ('N');
SET @time_zone_id= LAST_INSERT_ID();
INSERT INTO time_zone_name (Name, Time_zone_id) VALUES ('test_japan', @time_zone_id);
INSERT INTO time_zone_transition (Time_zone_id, Transition_time, Transition_type_id) VALUES
(@time_zone_id, -1009875600, 2)
,(@time_zone_id, -683794800, 1)
,(@time_zone_id, -672393600, 2)
,(@time_zone_id, -654764400, 1)
,(@time_zone_id, -640944000, 2)
,(@time_zone_id, -620290800, 1)
,(@time_zone_id, -609494400, 2)
,(@time_zone_id, -588841200, 1)
,(@time_zone_id, -578044800, 2)
;
INSERT INTO time_zone_transition_type (Time_zone_id, Transition_type_id, Offset, Is_DST, Abbreviation) VALUES
(@time_zone_id, 0, 32400, 0, 'CJT')
,(@time_zone_id, 1, 36000, 1, 'JDT')
,(@time_zone_id, 2, 32400, 0, 'JST')
;
COMMIT;
SELECT * FROM time_zone;
Time_zone_id	Use_leap_seconds
0	N
SELECT * FROM time_zone_name;
Name	Time_zone_id
test_japan	0
SELECT * FROM time_zone_leap_second;
Transition_time	Correction
SELECT * FROM time_zone_transition;
Time_zone_id	Transition_time	Transition_type_id
0	-1009875600	2
0	-683794800	1
0	-672393600	2
0	-654764400	1
0	-640944000	2
0	-620290800	1
0	-609494400	2
0	-588841200	1
0	-578044800	2
SELECT * FROM time_zone_transition_type;
Time_zone_id	Transition_type_id	Offset	Is_DST	Abbreviation
0	0	32400	0	CJT
0	1	36000	1	JDT
0	2	32400	0	JST
# Load zone table with --leap option((mysql_tzinfo_to_sql --leap <zonepath>/UTC))
TRUNCATE TABLE time_zone_leap_second;
START TRANSACTION;
COMMIT;
SELECT * FROM time_zone;
Time_zone_id	Use_leap_seconds
0	N
SELECT * FROM time_zone_name;
Name	Time_zone_id
test_japan	0
SELECT * FROM time_zone_leap_second;
Transition_time	Correction
SELECT * FROM time_zone_transition;
Time_zone_id	Transition_time	Transition_type_id
0	-1009875600	2
0	-683794800	1
0	-672393600	2
0	-654764400	1
0	-640944000	2
0	-620290800	1
0	-609494400	2
0	-588841200	1
0	-578044800	2
SELECT * FROM time_zone_transition_type;
Time_zone_id	Transition_type_id	Offset	Is_DST	Abbreviation
0	0	32400	0	CJT
0	1	36000	1	JDT
0	2	32400	0	JST
#Load zone table file using folder(mysql_tzinfo_to_sql <zonepath>/Europe)
DROP DATABASE test_zone;
