SET sql_mode='NO_ENGINE_SUBSTITUTION';
####################################
# SETUP
####################################
CREATE DATABASE statements_digest;
USE statements_digest;
CREATE TABLE t1(a int);
CREATE TABLE t2(a int);
CREATE TABLE t3(a int, b int);
CREATE TABLE t4(a int, b int);
CREATE TABLE t5(a int, b int, c int);
CREATE TABLE t6(a int, b int, c int, d int);
CREATE TABLE t11 (c CHAR(4));
CREATE TABLE t12 (c CHAR(4));
TRUNCATE TABLE performance_schema.events_statements_summary_by_digest;
####################################
# EXECUTION
####################################
SELECT 1 FROM t1;
1
SELECT 1 FROM `t1`;
1
SELECT 1,2 FROM t1;
1	2
SELECT 1, 2, 3, 4 FROM t1;
1	2	3	4
SELECT 1 FROM t2;
1
SELECT 1,2 FROM t2;
1	2
SELECT 1, 2, 3, 4 FROM t2;
1	2	3	4
INSERT INTO t1 VALUES (1);
INSERT INTO t2 VALUES (1);
INSERT INTO t3 VALUES (1, 2);
INSERT INTO t4 VALUES (1, 2);
INSERT INTO t5 VALUES (1, 2, 3);
INSERT INTO t1 VALUES (1), (2), (3);
INSERT INTO t1 VALUES (1), (2), (3), (4);
INSERT INTO t3 VALUES (1, 2), (3, 4), (5, 6);
INSERT INTO t5 VALUES (1, 2, 3), (4, 5, 6), (7, 8, 9);
INSERT INTO t1 VALUES (NULL);
INSERT INTO t3 VALUES (NULL,NULL);
INSERT INTO t3 VALUES (1,NULL);
INSERT INTO t3 VALUES (NULL,1);
INSERT INTO t6 VALUES (NULL, NULL, NULL, NULL);
INSERT INTO t6 VALUES (1, NULL, NULL, NULL);
INSERT INTO t6 VALUES (NULL, 2, NULL, NULL);
INSERT INTO t6 VALUES (1, 2, 3, NULL);
INSERT INTO t6 VALUES (1, 2, NULL, 4);
SELECT                                          1           +        1;
1           +        1
2
SELECT 1;
1
1
SELECT 1 /* This is an inline comment */ + 1;
1 /* This is an inline comment */ + 1
2
SELECT 1+
/*
this is a
multiple-line comment
*/
1;
1+
/*
this is a
multiple-line comment
*/
1
2
CREATE SCHEMA statements_digest_temp;
DROP SCHEMA statements_digest_temp;
CREATE DATABASE statements_digest_temp;
DROP DATABASE statements_digest_temp;
SELECT 1 FROM no_such_table;
ERROR 42S02: Table 'statements_digest.no_such_table' doesn't exist
CREATE TABLE dup_table (c char(4));
CREATE TABLE dup_table (c char(4));
ERROR 42S01: Table 'dup_table' already exists
DROP TABLE dup_table;
INSERT IGNORE INTO t11 VALUES("MySQL");
Warnings:
Warning	1265	Data truncated for column 'c' at row 1
PREPARE stmt FROM "SELECT * FROM t12";
EXECUTE stmt;
c
EXECUTE stmt;
c
DEALLOCATE PREPARE stmt;
CREATE PROCEDURE p1() BEGIN SELECT * FROM t12; END//
CALL p1();
c
CALL p1();
c
DROP PROCEDURE p1;
CREATE FUNCTION `func`(a INT, b INT) RETURNS int(11) RETURN a+b //
select func(3,4);
func(3,4)
7
select func(13,42);
func(13,42)
55
DROP FUNCTION func;
CREATE TRIGGER trg BEFORE INSERT ON t12 FOR EACH ROW SET @a:=1;
INSERT INTO t12 VALUES ("abc");
INSERT INTO t12 VALUES ("def");
DROP TRIGGER trg;
####################################
# QUERYING PS STATEMENT DIGEST
####################################
SELECT SCHEMA_NAME, DIGEST, DIGEST_TEXT, COUNT_STAR, SUM_ROWS_AFFECTED, SUM_WARNINGS,
SUM_ERRORS FROM performance_schema.events_statements_summary_by_digest;
SCHEMA_NAME	DIGEST	DIGEST_TEXT	COUNT_STAR	SUM_ROWS_AFFECTED	SUM_WARNINGS	SUM_ERRORS
statements_digest	eed7e04cbba55015979c7e0144720d20	TRUNCATE TABLE performance_schema . events_statements_summary_by_digest 	1	0	0	0
statements_digest	e4f74e36242a1845b50a95947e2a2207	SELECT ? FROM t1 	1	0	0	0
statements_digest	afc93a8bd3f2a1cbdc1d83ad2c5434ad	SELECT ? FROM `t1` 	1	0	0	0
statements_digest	ac3d6fe0aa8e03dc30461e6bc656fcde	SELECT ?, ... FROM t1 	2	0	0	0
statements_digest	74f6362d05cb0488115d46bea22dca71	SELECT ? FROM t2 	1	0	0	0
statements_digest	c711072022875a454f9d967d49e58b1a	SELECT ?, ... FROM t2 	2	0	0	0
statements_digest	37baee255103083e5608dd893ebf1282	INSERT INTO t1 VALUES (?) 	1	1	0	0
statements_digest	5462af0df967aa92e6dab6a205eff514	INSERT INTO t2 VALUES (?) 	1	1	0	0
statements_digest	6a5180f92d808268fd52e292691756b4	INSERT INTO t3 VALUES (...) 	4	4	0	0
statements_digest	428417563393960bcea862bb0942a3c3	INSERT INTO t4 VALUES (...) 	1	1	0	0
statements_digest	1406833de8b0bd971b4ed4a8a812c2a6	INSERT INTO t5 VALUES (...) 	1	1	0	0
statements_digest	9cd87a128f42563e408470beabce0c67	INSERT INTO t1 VALUES (?) /* , ... */ 	2	7	0	0
statements_digest	ad1d1fe91d9a162e932c9ea1f3a608fd	INSERT INTO t3 VALUES (...) /* , ... */ 	1	3	0	0
statements_digest	ce69c038025346ca067c89642c2f52cf	INSERT INTO t5 VALUES (...) /* , ... */ 	1	3	0	0
statements_digest	b79f3a1cfcbb7f00a003e0188d65def2	INSERT INTO t1 VALUES ( NULL ) 	1	1	0	0
statements_digest	287b8c44a891b5493d66f7415a8fd66f	INSERT INTO t6 VALUES (...) 	5	5	0	0
statements_digest	6b8d1ccb722aa9d1b1626087df7e8c75	SELECT ? + ? 	3	0	0	0
statements_digest	7008434d63e1beb77ddff08d04277941	SELECT ? 	1	0	0	0
statements_digest	918970552d725ac63aa6110b10d9e016	CREATE SCHEMA statements_digest_temp 	2	2	0	0
statements_digest	fd673eff746778302416b6dcc29ed9fa	DROP SCHEMA statements_digest_temp 	2	0	0	0
statements_digest	70338854a230244d7471b4216ed34286	SELECT ? FROM no_such_table 	1	0	0	1
statements_digest	bca52158ca42a81cc284368a33d8af20	CREATE TABLE dup_table ( c CHARACTER (?) ) 	2	0	0	1
statements_digest	c28c8c445b70aceb0cd0c7326402a026	DROP TABLE dup_table 	1	0	0	0
statements_digest	b4502f9354ff2ee4fb6d67ca1e3153dc	INSERT IGNORE INTO t11 VALUES (?) 	1	1	1	0
statements_digest	32a06bfa93118f6a2f6c9559e344d9f9	SHOW WARNINGS 	1	0	0	0
statements_digest	b480d4ca5174d6e7c1e3d46a17f0824d	PREPARE stmt FROM ? 	1	0	0	0
statements_digest	6b343ebf720214f641d3955a6fbf520f	EXECUTE stmt 	2	0	0	0
statements_digest	c8308af88ea2a3bb1b488499156d8999	DEALLOCATE PREPARE stmt 	1	0	0	0
statements_digest	c58e428c96fe77026d9f59fdde6f0de3	CREATE PROCEDURE p1 ( ) BEGIN SELECT * FROM t12 ; END 	1	0	0	0
statements_digest	41aeaff9006e79233b372bc3f25ec796	CALL p1 ( ) 	2	0	0	0
statements_digest	0c90c632580c8caf6869aa08dcf46beb	DROP PROCEDURE p1 	1	0	0	0
statements_digest	dcd538bf118d546183a5d437eafe17d1	CREATE FUNCTION `func` ( a INTEGER , b INTEGER ) RETURNS INTEGER (?) RETURN a + b 	1	0	0	0
statements_digest	d85a51663d5a6b99c81e896a0af4e764	SELECT func (...) 	2	0	0	0
statements_digest	4b86074b9884872fa2f2796a16bdff0a	DROP FUNCTION func 	1	0	0	0
statements_digest	08baa1ccc7d336a98e6f42932aa35444	CREATE TRIGGER trg BEFORE INSERT ON t12 FOR EACH ROW SET @? := ? 	1	0	0	0
statements_digest	1b60f2b7f0a0e834558b396acd888012	INSERT INTO t12 VALUES (?) 	2	2	0	0
statements_digest	cc7ff3bd3e5e7c6836cbb89b7c9eec48	DROP TRIGGER trg 	1	0	0	0
####################################
# CLEANUP
####################################
DROP TABLE IF EXISTS t1;
DROP TABLE IF EXISTS t2;
DROP TABLE IF EXISTS t3;
DROP TABLE IF EXISTS t4;
DROP TABLE IF EXISTS t5;
DROP TABLE IF EXISTS t6;
DROP TABLE IF EXISTS t11;
DROP TABLE IF EXISTS t12;
DROP DATABASE IF EXISTS statements_digest;
SET sql_mode=default;
